{
	"format_version": "1.12.0",
	"minecraft:geometry": [
		{
			"description": {
				"identifier": "geometry.unknown",
				"texture_width": 64,
				"texture_height": 64,
				"visible_bounds_width": 2,
				"visible_bounds_height": 2.5,
				"visible_bounds_offset": [0, 0.75, 0]
			},
			"bones": [
				{
					"name": "screen",
					"pivot": [0.24323, -0.16363, -0.18838],
					"cubes": [
						{
							"origin": [0.39579, -0.06888, -0.46627],
							"size": [0.124, 0.1605, 0.2985],
							"inflate": 0.001,
							"pivot": [0.45779, 0.01137, -0.31702],
							"rotation": [-90, -60, -180],
							"uv": {
								"north": {"uv": [44, 24], "uv_size": [0.5, 0.625]},
								"east": {"uv": [0, 36], "uv_size": [1.25, 0.625]},
								"south": {"uv": [28, 44], "uv_size": [0.5, 0.625]},
								"west": {"uv": [36, 0], "uv_size": [1.25, 0.625]},
								"up": {"uv": [24, 36], "uv_size": [0.5, 1.25]},
								"down": {"uv": [28, 37.25], "uv_size": [0.5, -1.25]}
							}
						},
						{
							"origin": [0.29579, -0.06888, -0.66627],
							"size": [0.124, 0.1605, 0.2985],
							"inflate": 0.001,
							"pivot": [0.35779, 0.01137, -0.51702],
							"rotation": [-90, -30, -180],
							"uv": {
								"north": {"uv": [44, 28], "uv_size": [0.5, 0.625]},
								"east": {"uv": [4, 36], "uv_size": [1.25, 0.625]},
								"south": {"uv": [32, 44], "uv_size": [0.5, 0.625]},
								"west": {"uv": [36, 4], "uv_size": [1.25, 0.625]},
								"up": {"uv": [36, 28], "uv_size": [0.5, 1.25]},
								"down": {"uv": [32, 37.25], "uv_size": [0.5, -1.25]}
							}
						},
						{
							"origin": [0.39579, -0.06888, -0.1075],
							"size": [0.124, 0.1605, 0.2985],
							"inflate": 0.001,
							"pivot": [0.45779, 0.01137, 0.04176],
							"rotation": [90, -60, 0],
							"uv": {
								"north": {"uv": [44, 32], "uv_size": [0.5, 0.625]},
								"east": {"uv": [8, 36], "uv_size": [1.25, 0.625]},
								"south": {"uv": [36, 44], "uv_size": [0.5, 0.625]},
								"west": {"uv": [12, 36], "uv_size": [1.25, 0.625]},
								"up": {"uv": [36, 32], "uv_size": [0.5, 1.25]},
								"down": {"uv": [36, 37.25], "uv_size": [0.5, -1.25]}
							}
						},
						{
							"origin": [0.29579, -0.06888, 0.0925],
							"size": [0.124, 0.1605, 0.2985],
							"inflate": 0.001,
							"pivot": [0.35779, 0.01137, 0.24176],
							"rotation": [90, -30, 0],
							"uv": {
								"north": {"uv": [44, 36], "uv_size": [0.5, 0.625]},
								"east": {"uv": [36, 12], "uv_size": [1.25, 0.625]},
								"south": {"uv": [40, 44], "uv_size": [0.5, 0.625]},
								"west": {"uv": [16, 36], "uv_size": [1.25, 0.625]},
								"up": {"uv": [0, 40], "uv_size": [0.5, 1.25]},
								"down": {"uv": [40, 1.25], "uv_size": [0.5, -1.25]}
							}
						},
						{
							"origin": [0.43465, -0.30942, -0.66985],
							"size": [0.124, 0.38464, 0.2985],
							"inflate": 0.001,
							"pivot": [0.47165, 0.13862, -0.39335],
							"rotation": [90, 0, 0],
							"uv": {
								"north": {"uv": [20, 36], "uv_size": [0.5, 1.5]},
								"east": {"uv": [16, 28], "uv_size": [1.25, 1.5]},
								"south": {"uv": [36, 20], "uv_size": [0.5, 1.5]},
								"west": {"uv": [20, 28], "uv_size": [1.25, 1.5]},
								"up": {"uv": [4, 40], "uv_size": [0.5, 1.25]},
								"down": {"uv": [40, 5.25], "uv_size": [0.5, -1.25]}
							}
						},
						{
							"origin": [0.53465, -0.08095, -0.18688],
							"size": [0.124, 0.18464, 0.0985],
							"inflate": 0.001,
							"pivot": [0.59665, 0.01137, -0.13763],
							"rotation": [120, 0, 0],
							"uv": {
								"north": {"uv": [44, 4], "uv_size": [0.5, 0.75]},
								"east": {"uv": [44, 40], "uv_size": [0.375, 0.75]},
								"south": {"uv": [8, 44], "uv_size": [0.5, 0.75]},
								"west": {"uv": [44, 44], "uv_size": [0.375, 0.75]},
								"up": {"uv": [24, 48], "uv_size": [0.5, 0.375]},
								"down": {"uv": [48, 24.375], "uv_size": [0.5, -0.375]}
							}
						},
						{
							"origin": [0.32797, -0.30942, -0.52265],
							"size": [0.124, 0.67904, 0.2985],
							"inflate": 0.001,
							"pivot": [0.36497, 0.13862, -0.24615],
							"rotation": [90, 0, 0],
							"uv": {
								"north": {"uv": [20, 32], "uv_size": [0.5, 2.75]},
								"east": {"uv": [0, 20], "uv_size": [1.25, 2.75]},
								"south": {"uv": [32, 20], "uv_size": [0.5, 2.75]},
								"west": {"uv": [4, 20], "uv_size": [1.25, 2.75]},
								"up": {"uv": [8, 40], "uv_size": [0.5, 1.25]},
								"down": {"uv": [40, 9.25], "uv_size": [0.5, -1.25]}
							}
						},
						{
							"origin": [-0.00328, -0.39088, -0.46338],
							"size": [0.374, 0.9605, 0.2985],
							"inflate": 0.0012,
							"pivot": [0.28372, 0.13862, -0.18688],
							"rotation": [90, 0, 0],
							"uv": {
								"north": {"uv": [12, 8], "uv_size": [1.5, 3.875]},
								"east": {"uv": [0, 16], "uv_size": [1.25, 3.875]},
								"south": {"uv": [12, 12], "uv_size": [1.5, 3.875]},
								"west": {"uv": [4, 16], "uv_size": [1.25, 3.875]},
								"up": {"uv": [28, 20], "uv_size": [1.5, 1.25]},
								"down": {"uv": [28, 25.25], "uv_size": [1.5, -1.25]}
							}
						},
						{
							"origin": [0.08123, -0.34313, -0.25888],
							"size": [0.199, 0.959, 0.094],
							"inflate": 0.001,
							"pivot": [0.24323, 0.18637, -0.18688],
							"rotation": [90, 0, -45],
							"uv": {
								"north": {"uv": [24, 4], "uv_size": [0.75, 3.875]},
								"east": {"uv": [32, 0], "uv_size": [0.375, 3.875]},
								"south": {"uv": [8, 24], "uv_size": [0.75, 3.875]},
								"west": {"uv": [4, 32], "uv_size": [0.375, 3.875]},
								"up": {"uv": [0, 48], "uv_size": [0.75, 0.375]},
								"down": {"uv": [48, 0.375], "uv_size": [0.75, -0.375]}
							}
						},
						{
							"origin": [0.08123, -0.69313, -0.21038],
							"size": [0.199, 0.959, 0.094],
							"inflate": 0.001,
							"pivot": [0.24323, -0.16363, -0.18838],
							"rotation": [90, 0, 45],
							"uv": {
								"north": {"uv": [24, 8], "uv_size": [0.75, 3.875]},
								"east": {"uv": [32, 12], "uv_size": [0.375, 3.875]},
								"south": {"uv": [12, 24], "uv_size": [0.75, 3.875]},
								"west": {"uv": [16, 32], "uv_size": [0.375, 3.875]},
								"up": {"uv": [4, 48], "uv_size": [0.75, 0.375]},
								"down": {"uv": [48, 4.375], "uv_size": [0.75, -0.375]}
							}
						}
					]
				},
				{
					"name": "screen2",
					"parent": "screen",
					"pivot": [1.6344, 0.01138, -0.14076],
					"rotation": [30, 0, 0],
					"cubes": [
						{
							"origin": [0.7385, 0.10736, 0.07108],
							"size": [1.998, 0.12904, 0.10477],
							"inflate": 0.001,
							"pivot": [2.3245, 0.28041, -0.24615],
							"rotation": [90, 0, 0],
							"uv": {
								"north": {"uv": [8, 16], "uv_size": [8, 0.5]},
								"east": {"uv": [16, 48], "uv_size": [0.375, 0.5]},
								"south": {"uv": [16, 8], "uv_size": [8, 0.5]},
								"west": {"uv": [48, 16], "uv_size": [0.375, 0.5]},
								"up": {"uv": [8, 20], "uv_size": [8, 0.375]},
								"down": {"uv": [16, 20.375], "uv_size": [8, -0.375]}
							}
						},
						{
							"origin": [2.67684, 0.52345, -0.23688],
							"size": [0.149, 0.12904, 0.1985],
							"inflate": 0.001,
							"pivot": [2.76385, 0.58797, -0.13763],
							"rotation": [90, 0, -45],
							"uv": {
								"north": {"uv": [44, 8], "uv_size": [0.625, 0.5]},
								"east": {"uv": [32, 40], "uv_size": [0.75, 0.5]},
								"south": {"uv": [12, 44], "uv_size": [0.625, 0.5]},
								"west": {"uv": [40, 32], "uv_size": [0.75, 0.5]},
								"up": {"uv": [12, 40], "uv_size": [0.625, 0.75]},
								"down": {"uv": [40, 12.75], "uv_size": [0.625, -0.75]}
							}
						},
						{
							"origin": [2.67684, -0.62973, -0.23688],
							"size": [0.149, 0.12904, 0.1985],
							"inflate": 0.001,
							"pivot": [2.76385, -0.56522, -0.13763],
							"rotation": [90, 0, 45],
							"uv": {
								"north": {"uv": [44, 12], "uv_size": [0.625, 0.5]},
								"east": {"uv": [36, 40], "uv_size": [0.75, 0.5]},
								"south": {"uv": [16, 44], "uv_size": [0.625, 0.5]},